{
  "dispositivos": [
    {
      "nome": "S0",
      "dispositivo": "Switch",
      "ip": "192.168.1.3",
      "senha": "",
      "protocolo": "",
      "id": 1
    },
    {
      "nome": "R0",
      "dispositivo": "Roteador",
      "ip": "192.168.1.1",
      "senha": "",
      "protocolo": "",
      "id": 2
    },
    {
      "nome": "R1",
      "dispositivo": "Roteador",
      "ip": "192.168.1.2",
      "senha": "izi",
      "protocolo": "",
      "id": 3
    },
    {
      "nome": "my back hurts d++",
      "dispositivo": "Roteador",
      "ip": "192.168.33.5",
      "senha": "kkkkj",
      "id": 4,
      "protocolo": ""
    },
    {
      "nome": "asdf",
      "dispositivo": "Roteador",
      "ip": "asdf",
      "senha": "sdaf",
      "protocolo": "Eigrp",
      "id": 5
    },
    {
      "nome": "Redes",
      "dispositivo": "Roteador",
      "ip": "192.168.52.3",
      "senha": "1505",
      "protocolo": "Rip",
      "id": 6
    }
  ]
}